student_id,course_id,time_spent,completion_status
654,2,78,Completed
876,2,16,Completed
535,4,32,Completed
858,4,40,Incomplete
439,2,36,Completed
594,2,80,Completed
936,1,58,Completed
42,4,98,Completed
35,4,72,Completed
830,1,62,Completed
86,1,93,Completed
973,2,21,Completed
245,1,7,Completed
313,2,95,Completed
585,1,63,Completed
142,4,28,Completed
380,4,95,Completed
882,1,54,Completed
341,1,42,Completed
277,2,92,Incomplete
902,3,99,Completed
528,3,11,Incomplete
375,4,84,Incomplete
376,2,87,Completed
69,2,22,Completed
245,1,88,Completed
962,2,100,Completed
329,3,39,Completed
434,3,11,Incomplete
354,4,67,Completed
850,1,65,Completed
695,3,62,Completed
820,1,29,Completed
469,1,15,Completed
184,3,14,Incomplete
283,1,94,Incomplete
155,2,71,Completed
24,3,58,Completed
555,2,65,Completed
455,1,42,Incomplete
23,2,71,Completed
422,3,88,Completed
335,4,80,Completed
543,4,63,Completed
136,3,26,Completed
233,4,52,Completed
789,1,23,Completed
467,2,84,Completed
729,3,28,Completed
860,2,25,Incomplete
43,3,78,Incomplete
267,3,28,Incomplete
725,1,90,Completed
353,2,52,Completed
999,2,73,Completed
943,1,56,Completed
787,2,63,Completed
160,1,99,Completed
520,3,87,Completed
486,3,78,Completed
819,4,48,Completed
750,4,10,Incomplete
565,1,44,Incomplete
633,2,62,Completed
335,1,82,Completed
598,2,40,Incomplete
86,4,91,Completed
90,4,29,Completed
618,1,90,Completed
152,4,52,Completed
13,3,49,Completed
457,1,32,Completed
455,4,61,Incomplete
826,4,98,Completed
143,1,23,Incomplete
487,3,13,Completed
605,4,16,Incomplete
655,3,58,Incomplete
474,2,30,Incomplete
391,3,75,Completed
843,3,79,Completed
573,4,33,Incomplete
3,2,38,Completed
656,4,20,Completed
915,3,58,Incomplete
929,2,8,Incomplete
284,4,13,Completed
371,4,77,Completed
265,4,93,Completed
383,1,38,Incomplete
60,2,45,Completed
710,2,50,Incomplete
280,3,58,Completed
979,3,11,Incomplete
543,1,70,Incomplete
644,2,17,Completed
172,3,45,Completed
702,3,39,Completed
705,3,17,Completed
361,2,6,Incomplete
289,3,67,Completed
944,2,18,Incomplete
516,2,29,Completed
573,1,58,Completed
79,1,21,Completed
492,3,44,Completed
143,4,81,Completed
994,3,27,Completed
30,1,33,Incomplete
711,2,93,Incomplete
129,2,21,Completed
436,1,14,Incomplete
496,4,10,Incomplete
34,1,65,Incomplete
260,1,13,Completed
11,1,20,Completed
211,2,28,Completed
30,1,23,Completed
965,3,79,Completed
165,2,69,Completed
102,1,72,Incomplete
197,3,26,Completed
551,1,97,Incomplete
220,4,51,Completed
190,4,91,Completed
186,3,53,Completed
527,2,57,Incomplete
322,1,64,Incomplete
140,4,51,Completed
571,1,15,Completed
119,4,41,Completed
754,3,92,Completed
455,2,75,Completed
876,4,29,Completed
917,4,91,Completed
14,4,91,Incomplete
449,1,20,Incomplete
411,1,99,Completed
173,1,51,Completed
347,2,81,Completed
414,1,34,Completed
743,4,40,Completed
785,3,87,Completed
365,4,90,Completed
415,4,70,Incomplete
787,4,18,Incomplete
502,4,34,Completed
138,1,17,Completed
851,1,68,Completed
996,2,53,Completed
335,2,43,Completed
99,1,89,Completed
786,4,64,Incomplete
678,4,67,Completed
556,3,74,Completed
976,1,60,Completed
122,4,62,Completed
386,4,63,Incomplete
182,3,95,Incomplete
442,2,44,Completed
500,1,77,Completed
676,4,65,Completed
161,1,55,Incomplete
606,4,83,Completed
785,3,46,Incomplete
605,1,21,Completed
358,1,85,Completed
100,4,49,Completed
422,3,12,Completed
254,2,87,Completed
87,1,44,Incomplete
174,1,73,Completed
472,4,77,Completed
432,3,7,Completed
603,1,45,Completed
400,3,78,Incomplete
501,1,93,Completed
345,4,69,Completed
684,3,26,Completed
373,4,30,Completed
868,1,73,Incomplete
272,1,43,Completed
412,2,84,Completed
95,1,80,Completed
69,4,59,Incomplete
815,1,88,Completed
517,3,60,Completed
321,2,58,Completed
640,4,90,Completed
185,1,85,Completed
884,2,78,Completed
677,4,39,Completed
546,4,77,Completed
62,2,51,Completed
247,2,100,Completed
308,4,57,Completed
851,1,86,Incomplete
423,3,41,Completed
263,2,56,Incomplete
154,2,8,Incomplete
848,3,64,Completed
447,4,87,Completed
207,2,39,Incomplete
265,3,89,Completed
660,1,97,Completed
21,1,15,Completed
306,1,57,Completed
688,1,55,Completed
742,2,35,Incomplete
753,1,71,Completed
595,3,68,Completed
244,1,45,Completed
599,4,100,Completed
958,4,32,Incomplete
180,2,40,Completed
261,1,67,Completed
717,1,45,Completed
487,2,40,Completed
960,2,51,Completed
377,3,7,Completed
927,1,99,Completed
964,1,93,Completed
688,2,37,Completed
317,3,92,Incomplete
888,2,61,Completed
932,4,37,Completed
959,2,43,Incomplete
912,2,61,Completed
901,4,9,Incomplete
83,4,65,Completed
949,3,96,Completed
941,1,25,Completed
519,1,50,Completed
747,3,63,Completed
781,1,87,Completed
646,4,87,Incomplete
411,2,85,Completed
590,1,19,Incomplete
529,2,81,Completed
812,3,62,Completed
753,2,38,Incomplete
608,3,41,Incomplete
425,3,28,Completed
387,2,7,Completed
946,2,16,Completed
204,3,94,Completed
51,4,84,Completed
267,2,16,Completed
175,1,6,Completed
446,4,91,Completed
230,2,29,Completed
833,3,41,Completed
392,2,60,Completed
615,2,41,Completed
194,4,28,Completed
150,1,42,Completed
242,4,36,Completed
701,4,15,Incomplete
137,3,93,Completed
218,4,95,Completed
612,3,14,Incomplete
61,1,47,Completed
483,3,82,Completed
991,1,5,Incomplete
635,4,43,Completed
688,3,21,Completed
573,1,79,Incomplete
174,4,48,Completed
136,1,45,Completed
444,2,38,Incomplete
46,2,68,Completed
855,3,100,Completed
441,3,38,Completed
780,3,71,Completed
915,2,45,Completed
504,2,76,Completed
674,4,11,Incomplete
56,2,28,Incomplete
267,2,95,Completed
119,4,10,Completed
727,4,63,Completed
867,2,20,Completed
209,3,28,Completed
768,3,77,Completed
600,2,79,Completed
5,2,58,Completed
253,4,91,Incomplete
337,1,41,Completed
697,1,55,Completed
952,1,46,Incomplete
84,4,95,Completed
465,3,81,Completed
338,1,88,Completed
464,3,98,Completed
929,2,32,Completed
821,3,46,Completed
762,1,75,Completed
391,1,56,Incomplete
246,4,16,Incomplete
214,2,54,Completed
292,2,20,Incomplete
821,4,99,Completed
318,2,50,Completed
853,3,70,Incomplete
457,4,65,Incomplete
615,4,16,Completed
831,3,83,Incomplete
646,4,16,Incomplete
350,4,91,Incomplete
703,2,68,Completed
663,1,42,Completed
82,4,43,Incomplete
131,3,36,Completed
303,1,75,Incomplete
47,1,70,Completed
97,4,89,Completed
833,3,50,Incomplete
84,1,19,Completed
474,2,28,Completed
47,1,58,Completed
305,3,80,Completed
776,4,84,Completed
350,2,32,Incomplete
765,3,91,Incomplete
548,1,5,Completed
14,2,88,Completed
709,4,89,Completed
617,4,43,Completed
998,3,93,Completed
707,4,43,Incomplete
139,1,29,Incomplete
17,2,8,Incomplete
665,2,88,Incomplete
863,2,16,Completed
475,2,65,Completed
120,2,24,Completed
456,4,65,Incomplete
461,2,30,Incomplete
850,4,11,Completed
106,4,58,Completed
755,3,9,Completed
498,4,34,Completed
541,1,59,Completed
567,1,39,Completed
428,4,19,Completed
962,3,62,Completed
22,2,41,Completed
481,3,61,Incomplete
225,3,82,Completed
733,4,21,Completed
741,4,58,Completed
690,3,65,Completed
865,2,84,Incomplete
708,1,90,Completed
178,2,25,Completed
104,4,68,Completed
215,1,7,Completed
268,3,91,Incomplete
848,1,13,Completed
117,2,20,Completed
499,3,48,Completed
788,1,76,Incomplete
155,1,95,Incomplete
969,4,63,Completed
774,1,18,Completed
625,1,76,Incomplete
108,2,85,Incomplete
211,3,25,Completed
726,4,69,Completed
892,1,24,Completed
343,2,20,Completed
450,4,5,Incomplete
829,4,48,Incomplete
176,1,39,Completed
773,4,51,Completed
252,2,72,Completed
234,2,59,Completed
420,4,71,Completed
371,1,61,Incomplete
11,1,15,Completed
412,2,60,Incomplete
778,1,89,Completed
155,1,85,Completed
819,3,58,Completed
698,3,97,Completed
932,3,6,Completed
922,2,94,Completed
660,2,74,Completed
634,4,94,Completed
832,4,30,Completed
87,1,73,Completed
743,2,71,Completed
291,2,16,Completed
320,3,86,Incomplete
29,3,35,Completed
312,4,69,Incomplete
62,3,38,Completed
363,1,11,Completed
964,1,62,Incomplete
755,1,63,Completed
242,2,49,Incomplete
683,2,96,Completed
756,2,18,Completed
597,2,51,Completed
151,4,57,Incomplete
64,4,21,Completed
457,1,52,Completed
413,4,38,Completed
652,4,61,Completed
971,4,98,Completed
844,2,23,Completed
497,4,21,Completed
526,1,93,Incomplete
485,1,100,Incomplete
573,3,20,Completed
419,1,20,Completed
297,1,71,Incomplete
381,3,52,Completed
498,1,23,Incomplete
604,4,11,Completed
313,3,32,Incomplete
758,4,5,Incomplete
358,1,10,Completed
587,3,77,Completed
346,4,65,Completed
854,2,22,Completed
472,4,90,Completed
888,3,16,Completed
681,4,54,Incomplete
405,3,74,Incomplete
687,4,99,Incomplete
91,2,95,Incomplete
646,3,76,Completed
660,1,29,Completed
555,1,77,Completed
769,4,69,Completed
124,2,7,Incomplete
211,2,95,Completed
594,4,15,Completed
622,3,56,Completed
504,1,48,Completed
425,1,72,Completed
264,1,19,Completed
555,2,41,Incomplete
262,1,24,Completed
418,2,12,Completed
334,2,8,Completed
306,4,17,Completed
423,3,38,Completed
848,1,11,Incomplete
771,2,68,Completed
517,4,19,Incomplete
326,4,75,Completed
496,1,57,Completed
936,1,39,Completed
601,1,36,Completed
668,2,43,Completed
457,1,86,Completed
802,2,52,Completed
173,2,73,Completed
985,4,10,Incomplete
476,3,88,Completed
1,1,66,Incomplete
257,4,49,Completed
218,3,10,Incomplete
547,1,43,Incomplete
716,1,22,Completed
287,4,31,Completed
981,3,92,Completed
651,3,95,Completed
252,3,48,Incomplete
983,3,7,Completed
137,1,82,Completed
924,1,91,Incomplete
570,4,55,Completed
807,1,73,Incomplete
853,4,91,Incomplete
996,4,81,Completed
182,1,20,Completed
959,2,61,Incomplete
761,1,40,Completed
727,3,29,Incomplete
629,3,96,Incomplete
506,3,9,Incomplete
927,2,5,Incomplete
841,4,19,Completed
583,4,26,Completed
676,2,13,Completed
764,1,21,Incomplete
584,2,71,Completed
281,2,91,Incomplete
994,3,92,Completed
465,1,59,Completed
966,1,46,Completed
417,3,20,Completed
478,4,51,Completed
45,2,11,Incomplete
431,4,45,Incomplete
200,3,15,Completed
828,1,99,Incomplete
707,4,14,Completed
202,2,47,Completed
642,1,8,Completed
828,1,80,Completed
958,3,37,Incomplete
485,2,48,Completed
842,3,71,Completed
967,1,81,Completed
783,1,85,Completed
128,1,12,Completed
387,3,93,Incomplete
131,1,61,Incomplete
626,4,13,Incomplete
58,1,42,Completed
412,1,84,Completed
239,1,63,Completed
815,4,84,Completed
348,1,63,Completed
602,2,18,Incomplete
610,1,80,Completed
199,2,86,Completed
364,4,66,Completed
456,2,36,Incomplete
46,1,21,Completed
447,3,44,Completed
555,2,23,Completed
618,3,42,Completed
9,2,12,Incomplete
839,1,59,Completed
1000,2,86,Completed
805,1,48,Incomplete
488,4,81,Completed
873,3,83,Incomplete
337,2,18,Completed
809,1,68,Incomplete
4,2,93,Incomplete
639,2,35,Completed
787,3,99,Completed
410,2,5,Completed
76,3,8,Completed
146,3,61,Incomplete
600,3,10,Completed
204,2,41,Incomplete
907,3,97,Incomplete
868,2,27,Incomplete
181,3,17,Incomplete
694,2,53,Completed
907,1,48,Completed
313,4,35,Completed
382,2,72,Completed
639,4,96,Incomplete
148,2,29,Incomplete
388,3,45,Completed
652,2,10,Completed
602,2,73,Incomplete
153,3,36,Incomplete
815,3,21,Completed
992,4,31,Completed
804,4,89,Completed
172,4,87,Completed
384,4,71,Completed
330,3,72,Completed
733,4,65,Incomplete
411,1,31,Incomplete
208,4,35,Completed
314,4,53,Completed
958,3,37,Completed
138,1,42,Completed
361,2,79,Incomplete
525,3,59,Completed
443,4,52,Completed
325,3,53,Incomplete
453,2,38,Completed
368,1,42,Completed
526,1,40,Completed
101,1,14,Completed
560,2,47,Incomplete
338,3,43,Completed
787,3,29,Completed
142,3,6,Completed
289,3,56,Completed
842,1,65,Completed
780,2,55,Incomplete
741,2,65,Incomplete
602,4,97,Completed
349,1,45,Completed
440,4,31,Completed
874,1,52,Incomplete
895,2,44,Completed
10,4,89,Completed
348,2,58,Completed
771,4,93,Completed
334,1,77,Completed
945,2,24,Completed
339,4,53,Incomplete
401,1,73,Completed
487,1,47,Completed
463,3,16,Incomplete
692,2,9,Completed
618,4,8,Incomplete
72,4,41,Incomplete
299,1,63,Incomplete
531,1,26,Completed
932,4,55,Incomplete
114,2,73,Completed
761,1,54,Completed
887,2,21,Completed
318,4,95,Completed
163,3,80,Incomplete
734,4,40,Incomplete
147,4,13,Completed
620,2,72,Completed
583,4,63,Completed
41,1,41,Completed
941,4,49,Completed
729,3,55,Completed
830,2,58,Incomplete
922,4,63,Completed
675,2,94,Completed
403,1,35,Completed
162,3,85,Completed
683,1,94,Completed
924,2,68,Completed
781,1,52,Incomplete
108,3,57,Completed
259,2,69,Incomplete
28,1,86,Completed
768,4,53,Completed
409,2,55,Incomplete
257,1,95,Completed
335,4,67,Completed
85,2,96,Completed
144,4,40,Completed
175,1,82,Incomplete
302,1,73,Completed
173,1,90,Completed
694,3,24,Completed
183,2,96,Incomplete
692,2,61,Completed
857,1,54,Completed
455,1,81,Incomplete
791,4,30,Completed
384,2,30,Incomplete
432,1,6,Completed
197,1,33,Completed
99,2,97,Incomplete
426,1,46,Completed
642,2,84,Incomplete
555,4,59,Incomplete
219,1,50,Completed
16,4,88,Completed
399,2,63,Incomplete
674,3,88,Completed
45,1,32,Completed
786,4,18,Completed
811,2,37,Completed
615,3,85,Completed
695,2,47,Incomplete
780,3,90,Completed
344,1,82,Completed
460,4,70,Completed
239,1,34,Incomplete
778,1,44,Incomplete
439,2,84,Incomplete
141,3,68,Incomplete
156,4,31,Completed
244,4,99,Completed
138,3,45,Completed
779,1,71,Completed
425,3,8,Incomplete
751,3,48,Incomplete
553,1,90,Completed
821,2,82,Completed
534,3,28,Completed
7,1,67,Incomplete
198,1,86,Completed
961,2,21,Incomplete
607,2,35,Completed
437,4,44,Incomplete
203,2,59,Incomplete
255,3,41,Completed
991,2,39,Completed
493,1,51,Completed
172,4,61,Completed
625,4,24,Completed
813,4,7,Completed
438,1,43,Completed
157,2,37,Completed
314,4,41,Completed
621,4,14,Completed
733,4,30,Incomplete
195,1,6,Completed
748,3,67,Completed
426,4,100,Completed
502,3,87,Completed
73,4,9,Completed
128,4,77,Incomplete
782,4,37,Completed
770,3,70,Completed
651,3,94,Incomplete
395,4,99,Incomplete
490,1,51,Completed
693,1,94,Completed
152,3,82,Completed
698,2,37,Incomplete
593,2,6,Incomplete
95,4,55,Completed
998,1,71,Completed
898,4,26,Completed
259,3,69,Completed
675,4,80,Completed
422,1,18,Completed
796,3,23,Incomplete
215,4,94,Completed
173,4,5,Incomplete
793,4,72,Completed
296,4,26,Incomplete
191,2,30,Completed
515,1,62,Completed
218,2,30,Incomplete
188,2,38,Completed
893,4,61,Completed
640,1,86,Incomplete
301,1,53,Incomplete
66,3,8,Completed
490,4,91,Completed
10,1,39,Completed
8,1,17,Incomplete
811,1,53,Completed
986,3,67,Completed
346,4,48,Completed
912,3,45,Completed
964,3,90,Completed
626,1,50,Completed
826,1,5,Completed
716,4,97,Completed
948,2,8,Completed
890,3,94,Completed
255,3,62,Completed
675,4,70,Completed
193,1,86,Completed
833,3,7,Completed
895,1,99,Completed
455,2,82,Completed
757,1,49,Completed
954,4,89,Completed
927,1,98,Completed
622,2,96,Incomplete
533,1,21,Completed
90,3,91,Completed
896,4,26,Completed
978,1,66,Completed
247,2,32,Incomplete
967,1,18,Completed
733,1,25,Completed
335,4,40,Incomplete
264,4,90,Incomplete
140,4,16,Completed
341,2,78,Completed
616,1,87,Completed
933,4,88,Completed
576,4,34,Incomplete
119,3,16,Incomplete
349,2,100,Completed
587,3,21,Completed
977,4,78,Completed
319,1,80,Completed
868,4,59,Completed
374,2,71,Completed
605,2,18,Completed
552,4,45,Incomplete
966,3,33,Completed
467,2,81,Incomplete
765,1,81,Completed
515,1,40,Completed
724,4,85,Completed
507,3,95,Completed
61,3,24,Completed
216,2,94,Completed
946,2,67,Completed
307,2,7,Completed
346,4,91,Completed
357,4,55,Incomplete
745,3,41,Completed
200,4,17,Incomplete
771,1,95,Completed
671,2,78,Incomplete
713,4,42,Completed
215,2,100,Incomplete
667,1,51,Completed
590,1,91,Completed
880,2,53,Completed
438,2,12,Incomplete
998,4,27,Completed
121,3,80,Completed
153,4,36,Incomplete
247,4,67,Completed
611,2,88,Completed
795,1,64,Completed
666,4,40,Completed
456,3,6,Incomplete
85,1,67,Completed
931,2,7,Completed
587,4,40,Completed
97,2,54,Completed
661,4,43,Completed
102,3,13,Completed
883,2,56,Completed
21,4,76,Completed
803,4,13,Completed
599,1,31,Completed
920,1,28,Completed
712,2,5,Completed
820,3,20,Incomplete
589,2,88,Incomplete
576,3,9,Incomplete
128,3,51,Completed
176,4,89,Incomplete
308,1,71,Completed
301,4,22,Completed
712,3,71,Completed
361,2,93,Incomplete
840,1,35,Incomplete
146,3,32,Completed
617,2,80,Completed
132,4,14,Completed
267,4,88,Completed
410,4,15,Completed
693,4,93,Incomplete
209,1,85,Completed
649,2,96,Completed
674,2,58,Completed
324,4,53,Incomplete
619,2,14,Incomplete
545,1,92,Completed
68,3,86,Incomplete
932,3,39,Incomplete
818,2,40,Incomplete
387,2,53,Completed
802,1,27,Completed
897,3,80,Completed
502,1,72,Completed
586,3,75,Incomplete
102,1,26,Completed
770,4,28,Completed
760,4,66,Completed
266,1,92,Completed
160,2,23,Completed
754,3,11,Completed
655,3,95,Completed
695,4,95,Completed
450,3,64,Completed
283,4,71,Completed
903,2,44,Completed
90,3,57,Completed
866,1,86,Incomplete
748,2,16,Incomplete
59,1,100,Incomplete
952,4,6,Completed
435,2,66,Completed
702,1,56,Incomplete
195,1,96,Completed
548,3,36,Completed
678,1,82,Completed
173,2,27,Incomplete
860,2,70,Completed
53,4,68,Completed
383,1,48,Completed
256,1,42,Incomplete
301,3,32,Incomplete
647,4,32,Completed
952,1,64,Completed
869,4,12,Completed
631,4,47,Incomplete
110,1,49,Completed
191,4,50,Incomplete
442,4,30,Incomplete
527,2,57,Incomplete
500,1,24,Completed
257,2,65,Completed
307,3,59,Completed
550,3,18,Completed
673,4,25,Incomplete
766,4,5,Completed
892,2,19,Incomplete
42,2,55,Completed
340,1,25,Completed
972,4,90,Completed
122,4,67,Completed
820,2,46,Completed
800,4,69,Completed
760,4,21,Incomplete
111,1,21,Incomplete
513,1,92,Incomplete
695,3,59,Completed
756,1,60,Completed
289,4,15,Completed
254,2,98,Completed
256,3,19,Completed
718,2,90,Completed
204,4,95,Completed
106,2,29,Completed
606,2,34,Incomplete
411,1,40,Completed
952,2,59,Incomplete
205,1,11,Completed
538,3,94,Completed
237,2,48,Completed
63,4,87,Incomplete
113,3,51,Incomplete
360,4,36,Completed
49,2,10,Incomplete
677,3,32,Incomplete
287,1,60,Incomplete
972,4,51,Completed
115,1,90,Incomplete
566,2,47,Completed
830,3,100,Completed
542,3,35,Completed
216,4,16,Completed
134,1,10,Completed
935,2,29,Completed
948,1,14,Completed
634,3,43,Completed
780,2,73,Completed
45,2,29,Completed
729,3,76,Completed
917,3,62,Completed
121,4,13,Completed
537,1,26,Completed
714,2,42,Incomplete
580,1,93,Incomplete
835,4,68,Completed
892,1,26,Completed
522,4,76,Completed
411,3,31,Incomplete
164,2,80,Completed
901,4,69,Completed
538,3,43,Completed
304,3,75,Incomplete
230,1,73,Incomplete
41,2,40,Completed
277,1,87,Completed
844,2,73,Incomplete
665,3,85,Completed
378,3,15,Completed
906,3,97,Incomplete
920,3,46,Completed
641,1,50,Incomplete
989,3,27,Incomplete
17,1,97,Completed
392,3,85,Completed
565,2,61,Incomplete
276,2,79,Completed
879,4,24,Completed
748,4,52,Incomplete
491,1,68,Incomplete
190,2,29,Completed
966,2,87,Incomplete
318,2,27,Completed
704,2,13,Incomplete
437,2,63,Completed
994,4,17,Completed
141,1,82,Incomplete
394,1,19,Completed
782,1,21,Incomplete
86,3,23,Completed
615,1,6,Completed
109,3,95,Incomplete
143,4,77,Completed
836,2,44,Completed
159,2,12,Completed
274,1,7,Completed
106,3,18,Completed
857,4,23,Incomplete
230,1,34,Completed
151,3,88,Incomplete
944,4,92,Completed
843,1,67,Incomplete
113,2,18,Completed
289,3,14,Completed
122,3,15,Completed
620,2,27,Completed
343,2,91,Completed
915,3,84,Completed
357,1,39,Completed
678,3,38,Completed
729,1,5,Completed
153,2,45,Incomplete
458,4,13,Incomplete
438,3,23,Incomplete
131,2,54,Completed
507,4,66,Completed
424,3,22,Completed
670,2,54,Completed
510,4,73,Completed
236,4,15,Completed
432,2,94,Incomplete
371,1,31,Completed
18,3,76,Completed
137,1,12,Completed
370,2,42,Completed
856,4,36,Incomplete
230,1,100,Incomplete
986,2,53,Completed
713,4,52,Incomplete
109,1,66,Completed
892,2,8,Incomplete
145,1,36,Incomplete
583,4,24,Completed
482,2,100,Completed
972,3,65,Completed
346,4,87,Completed
294,1,24,Incomplete
658,1,82,Completed
516,2,6,Completed
434,4,75,Completed
265,3,95,Incomplete
954,2,39,Completed
535,4,21,Completed
411,1,33,Completed
843,1,93,Completed
321,4,53,Incomplete
823,3,87,Completed
277,1,18,Incomplete
618,3,8,Incomplete
167,1,13,Incomplete
12,3,29,Completed
654,1,35,Incomplete
584,1,77,Completed
496,1,11,Completed
967,3,6,Completed
770,3,55,Completed
323,4,97,Completed
133,1,47,Completed
760,1,69,Completed
154,1,80,Completed
489,1,42,Incomplete
699,4,15,Completed
96,2,32,Completed
670,2,96,Incomplete
987,3,62,Completed
348,3,51,Completed
963,4,10,Completed
793,4,35,Incomplete
626,1,24,Completed
510,1,6,Incomplete
892,3,75,Completed
817,1,68,Incomplete
322,2,42,Incomplete
287,3,50,Incomplete
184,4,38,Completed
263,4,88,Completed
963,1,77,Completed
373,3,56,Completed
635,2,61,Completed
866,3,52,Incomplete
424,4,38,Completed
699,1,84,Completed
59,2,94,Completed
9,2,18,Incomplete
163,4,14,Incomplete
896,4,90,Incomplete
478,4,87,Completed
838,4,18,Incomplete
750,1,55,Completed
205,4,47,Incomplete
351,4,32,Completed
488,1,40,Completed
559,2,65,Incomplete
219,3,77,Incomplete
616,4,12,Completed
371,4,65,Incomplete
217,1,92,Completed
259,2,15,Incomplete
281,4,15,Incomplete
730,4,58,Completed
686,3,28,Completed
95,4,48,Completed
305,2,30,Completed
430,4,65,Completed
803,2,94,Completed
935,4,6,Completed
916,2,14,Completed
593,2,46,Completed
844,3,6,Incomplete
470,2,68,Completed
117,4,38,Completed
4,4,21,Completed
655,1,9,Incomplete
193,4,94,Completed
171,4,32,Completed
976,2,91,Completed
15,3,51,Incomplete
919,3,69,Completed
128,4,88,Completed
424,4,50,Completed
556,4,71,Completed
344,1,27,Completed
383,2,75,Completed
556,4,53,Incomplete
676,4,86,Incomplete
636,1,16,Completed
107,1,88,Incomplete
955,4,18,Completed
770,1,86,Completed
596,1,90,Incomplete
431,2,33,Completed
565,4,19,Incomplete
481,1,49,Completed
936,4,57,Completed
661,4,5,Completed
801,2,69,Incomplete
901,3,44,Completed
815,4,91,Incomplete
922,4,9,Incomplete
158,3,71,Completed
615,3,47,Incomplete
586,4,35,Completed
401,2,83,Completed
849,1,78,Completed
962,4,98,Incomplete
926,3,71,Incomplete
237,1,95,Completed
517,1,85,Completed
402,3,75,Incomplete
331,2,16,Incomplete
448,1,85,Completed
157,1,84,Completed
943,1,78,Completed
761,2,63,Completed
797,3,28,Incomplete
920,2,43,Incomplete
861,2,97,Completed
805,4,38,Completed
282,1,23,Completed
654,1,19,Completed
611,1,18,Incomplete
269,2,16,Incomplete
865,3,31,Completed
503,1,57,Incomplete
983,1,31,Completed
385,3,86,Completed
828,2,28,Incomplete
926,2,89,Completed
622,1,20,Completed
356,4,83,Completed
6,2,71,Completed
949,1,29,Completed
549,1,71,Completed
157,2,51,Incomplete
223,1,46,Incomplete
86,2,39,Incomplete
205,1,49,Completed
668,3,64,Completed
508,4,70,Completed
945,2,37,Incomplete
704,3,55,Incomplete
813,3,26,Completed
977,4,60,Completed
434,3,45,Completed
622,4,59,Incomplete
362,3,85,Completed
461,2,9,Completed
260,4,42,Completed
899,3,55,Incomplete
185,3,59,Completed
367,2,14,Incomplete
381,3,23,Completed
126,1,45,Completed
735,3,32,Completed
815,3,34,Completed
395,3,82,Incomplete
223,1,76,Incomplete
623,1,78,Completed
432,4,45,Completed
203,2,11,Completed
511,1,40,Completed
128,4,26,Completed
606,4,35,Completed
292,1,87,Completed
590,1,64,Incomplete
862,4,9,Completed
941,1,48,Completed
72,4,17,Completed
426,3,40,Completed
355,4,15,Completed
321,4,83,Incomplete
306,4,68,Completed
991,1,52,Completed
106,1,33,Incomplete
11,2,18,Completed
883,4,33,Incomplete
196,3,73,Completed
957,1,38,Completed
45,1,11,Completed
77,3,47,Completed
811,4,39,Completed
948,2,79,Completed
130,3,23,Completed
910,4,86,Completed
126,2,78,Completed
502,3,46,Completed
495,2,16,Incomplete
304,1,50,Completed
894,2,89,Completed
877,2,93,Incomplete
996,4,12,Incomplete
687,2,64,Completed
193,4,18,Completed
834,3,44,Completed
672,2,69,Incomplete
134,2,51,Completed
464,2,56,Incomplete
285,4,26,Completed
975,1,23,Completed
110,1,35,Incomplete
472,2,39,Incomplete
678,4,50,Incomplete
950,1,50,Completed
155,4,69,Completed
342,1,61,Incomplete
101,1,88,Completed
951,4,29,Incomplete
413,2,81,Incomplete
623,4,71,Completed
698,1,87,Incomplete
114,2,19,Incomplete
37,3,35,Incomplete
104,3,33,Completed
717,4,55,Completed
226,3,68,Incomplete
805,2,49,Completed
723,3,98,Incomplete
190,4,99,Completed
929,2,26,Completed
72,2,28,Completed
467,2,6,Completed
439,3,7,Incomplete
271,1,26,Completed
874,1,81,Completed
486,1,67,Completed
484,1,10,Completed
581,3,34,Completed
172,2,17,Incomplete
824,3,62,Completed
360,3,89,Completed
374,4,6,Completed
309,3,71,Completed
878,4,19,Incomplete
532,1,23,Completed
877,2,89,Completed
366,4,8,Incomplete
759,4,51,Incomplete
92,2,53,Completed
989,3,85,Completed
921,4,72,Incomplete
933,3,47,Completed
428,3,44,Incomplete
594,3,83,Incomplete
815,4,77,Completed
812,3,41,Incomplete
9,4,92,Incomplete
698,2,71,Completed
639,2,43,Completed
67,3,6,Completed
223,3,80,Incomplete
501,3,5,Completed
677,1,11,Incomplete
359,3,69,Completed
788,2,16,Completed
147,2,60,Completed
83,3,33,Incomplete
956,3,36,Completed
653,4,59,Completed
926,1,38,Completed
612,3,27,Completed
696,3,79,Incomplete
787,2,37,Incomplete
568,2,43,Completed
305,4,74,Incomplete
802,4,17,Incomplete
453,3,69,Completed
730,3,64,Completed
478,4,57,Completed
935,1,58,Incomplete
144,3,36,Completed
383,2,84,Completed
580,3,11,Completed
403,2,56,Completed
474,4,11,Incomplete
277,1,47,Completed
842,3,77,Completed
340,1,20,Completed
691,1,94,Incomplete
148,4,22,Incomplete
692,2,43,Completed
737,1,67,Completed
206,1,13,Incomplete
619,1,71,Incomplete
210,1,65,Incomplete
518,4,55,Incomplete
125,3,56,Completed
189,2,74,Incomplete
628,4,89,Completed
443,2,86,Incomplete
146,2,26,Completed
717,2,65,Completed
297,1,80,Completed
684,3,55,Completed
820,1,64,Completed
436,2,8,Incomplete
124,4,6,Completed
35,4,10,Completed
364,2,64,Completed
470,3,6,Completed
367,2,49,Completed
538,4,70,Incomplete
672,2,50,Completed
577,3,63,Completed
806,2,40,Completed
675,3,55,Incomplete
860,4,53,Completed
621,2,78,Completed
520,3,21,Completed
603,3,79,Completed
414,1,10,Incomplete
751,2,34,Incomplete
109,4,91,Completed
779,2,98,Completed
108,2,98,Completed
774,4,13,Incomplete
257,1,9,Completed
75,4,52,Completed
861,1,27,Completed
716,4,53,Incomplete
653,2,30,Incomplete
449,3,33,Incomplete
166,4,72,Completed
197,1,79,Incomplete
983,1,31,Incomplete
144,1,51,Completed
582,1,48,Incomplete
748,4,29,Completed
585,4,69,Completed
634,2,13,Completed
641,4,14,Completed
131,3,17,Incomplete
237,1,81,Completed
24,2,42,Completed
258,4,95,Completed
894,2,41,Incomplete
590,2,71,Completed
513,3,56,Completed
560,1,79,Completed
940,3,88,Incomplete
347,4,38,Incomplete
910,1,22,Incomplete
837,3,89,Completed
64,2,68,Incomplete
971,1,49,Completed
973,4,81,Completed
952,1,75,Completed
133,3,97,Incomplete
37,4,69,Incomplete
359,4,66,Completed
871,2,7,Completed
27,2,73,Completed
389,1,75,Completed
397,4,94,Incomplete
719,4,75,Incomplete
449,1,83,Completed
377,3,29,Completed
941,1,35,Incomplete
603,1,34,Completed
771,1,6,Completed
256,1,14,Incomplete
450,2,41,Incomplete
359,2,42,Incomplete
408,4,89,Incomplete
79,1,37,Completed
211,4,95,Completed
366,2,61,Completed
965,3,75,Incomplete
670,2,72,Completed
327,1,11,Completed
421,4,40,Incomplete
934,2,71,Incomplete
760,2,20,Completed
836,2,9,Completed
716,4,88,Completed
976,1,7,Completed
35,3,40,Completed
308,1,12,Incomplete
625,4,68,Incomplete
392,4,61,Incomplete
211,4,28,Completed
546,1,89,Completed
555,3,8,Completed
773,3,38,Completed
606,2,8,Completed
850,4,59,Completed
951,1,18,Completed
976,3,73,Completed
587,3,25,Completed
479,2,21,Completed
288,3,15,Completed
790,3,48,Completed
40,3,51,Incomplete
257,1,20,Completed
677,3,38,Completed
455,4,7,Completed
478,1,50,Completed
865,2,57,Incomplete
962,1,40,Completed
565,3,13,Completed
265,3,38,Completed
131,2,85,Incomplete
893,1,34,Incomplete
40,2,92,Completed
451,3,10,Completed
234,1,96,Completed
999,3,7,Completed
879,3,74,Completed
615,2,49,Incomplete
520,4,19,Completed
243,2,46,Completed
850,4,14,Completed
897,3,23,Incomplete
622,3,47,Completed
919,3,65,Completed
302,1,25,Completed
298,2,80,Incomplete
624,2,45,Completed
800,3,32,Completed
597,1,89,Completed
391,1,14,Completed
230,4,73,Completed
868,1,82,Completed
538,4,45,Incomplete
857,3,36,Completed
819,3,34,Completed
767,1,93,Incomplete
751,4,51,Incomplete
574,1,51,Completed
620,2,62,Completed
236,2,73,Incomplete
932,4,91,Completed
142,3,41,Completed
121,1,57,Completed
152,4,85,Completed
203,2,63,Incomplete
124,4,38,Completed
729,4,100,Incomplete
891,1,60,Incomplete
171,1,21,Completed
543,4,59,Completed
412,2,96,Incomplete
345,3,80,Completed
111,1,14,Completed
364,4,57,Completed
759,4,42,Completed
717,2,98,Incomplete
785,1,24,Completed
608,3,91,Completed
389,3,61,Incomplete
740,3,17,Incomplete
506,3,11,Completed
919,4,41,Completed
327,2,23,Incomplete
968,2,60,Completed
589,3,17,Completed
170,1,41,Incomplete
450,2,26,Incomplete
940,3,82,Completed
947,2,90,Incomplete
99,2,75,Completed
773,2,8,Completed
41,2,5,Completed
843,1,52,Incomplete
965,4,98,Completed
130,4,42,Completed
734,1,61,Completed
506,3,16,Completed
286,1,50,Completed
763,2,98,Incomplete
161,3,40,Completed
754,1,95,Completed
914,1,60,Incomplete
723,3,29,Completed
677,1,86,Completed
252,2,80,Completed
966,2,91,Incomplete
482,2,67,Completed
752,4,41,Incomplete
651,1,71,Completed
768,2,5,Completed
503,2,95,Incomplete
429,3,83,Completed
598,2,86,Completed
544,2,43,Completed
897,3,90,Completed
816,4,81,Completed
493,3,17,Incomplete
987,3,58,Completed
334,2,89,Completed
181,4,45,Completed
356,4,95,Incomplete
904,4,67,Completed
704,2,8,Incomplete
520,2,57,Incomplete
791,3,38,Completed
422,4,61,Completed
267,1,39,Completed
225,3,86,Completed
316,4,57,Incomplete
897,2,73,Incomplete
641,1,83,Completed
133,1,97,Incomplete
389,1,95,Completed
362,1,88,Incomplete
216,3,73,Incomplete
161,4,96,Incomplete
821,2,52,Completed
221,2,6,Incomplete
21,1,69,Completed
497,1,25,Incomplete
25,2,85,Completed
254,1,39,Completed
833,4,88,Completed
838,3,15,Incomplete
517,4,7,Incomplete
851,2,17,Completed
812,4,29,Completed
880,3,46,Completed
762,1,43,Incomplete
208,1,38,Completed
591,4,53,Incomplete
96,2,57,Completed
495,3,94,Completed
251,4,7,Completed
746,4,52,Completed
732,1,62,Incomplete
999,1,55,Completed
458,3,66,Completed
659,3,47,Incomplete
646,1,17,Completed
213,4,80,Incomplete
145,4,83,Completed
536,2,12,Completed
259,4,44,Completed
855,2,9,Completed
579,4,5,Incomplete
215,4,74,Completed
983,2,46,Completed
495,1,18,Completed
80,4,21,Completed
166,1,26,Incomplete
891,1,9,Completed
508,2,85,Completed
499,2,100,Completed
429,4,6,Incomplete
446,3,97,Completed
693,3,71,Completed
911,3,77,Completed
145,3,71,Completed
823,3,71,Completed
484,4,31,Completed
950,2,26,Completed
850,4,6,Completed
184,2,65,Incomplete
6,3,94,Incomplete
711,1,73,Completed
97,1,84,Completed
161,1,49,Completed
905,2,49,Completed
951,2,40,Incomplete
934,4,79,Completed
377,4,37,Completed
657,2,14,Completed
106,2,40,Incomplete
578,1,21,Completed
602,4,47,Completed
874,3,99,Completed
685,4,31,Incomplete
803,2,32,Incomplete
823,2,23,Incomplete
896,1,46,Incomplete
994,1,22,Completed
451,4,90,Completed
310,1,35,Completed
387,4,95,Completed
320,3,72,Incomplete
620,2,26,Completed
854,3,96,Incomplete
448,4,67,Completed
257,1,76,Completed
668,3,27,Incomplete
375,4,90,Completed
435,2,83,Completed
943,2,53,Completed
956,1,30,Completed
539,2,5,Completed
337,1,52,Completed
515,1,82,Incomplete
663,3,87,Completed
45,3,40,Completed
995,1,96,Completed
623,4,67,Incomplete
768,1,9,Completed
628,2,95,Completed
892,2,15,Completed
867,1,12,Completed
728,1,45,Incomplete
558,3,29,Completed
756,1,47,Completed
869,3,95,Incomplete
601,3,71,Incomplete
681,4,58,Completed
686,1,13,Incomplete
780,2,98,Incomplete
177,4,10,Incomplete
204,4,27,Completed
863,1,44,Incomplete
360,1,48,Completed
857,1,77,Completed
91,1,16,Incomplete
89,2,45,Completed
989,1,26,Completed
223,3,63,Incomplete
742,2,44,Completed
658,2,100,Completed
136,3,11,Completed
294,2,40,Incomplete
324,4,33,Completed
280,2,27,Completed
266,4,38,Incomplete
364,3,49,Completed
536,4,85,Completed
175,1,79,Completed
551,2,94,Completed
662,3,31,Completed
992,3,16,Completed
216,3,32,Completed
33,1,71,Completed
191,4,22,Completed
331,3,77,Completed
603,1,46,Completed
645,3,6,Incomplete
487,3,48,Completed
103,2,50,Completed
479,2,7,Completed
632,4,80,Completed
446,4,65,Completed
259,3,81,Completed
695,4,43,Incomplete
952,2,69,Incomplete
437,3,78,Completed
30,2,70,Incomplete
308,2,77,Completed
134,3,11,Completed
317,2,49,Completed
170,4,5,Completed
206,2,43,Completed
190,2,31,Completed
742,2,24,Completed
866,3,5,Completed
353,1,65,Completed
404,2,65,Completed
852,4,95,Incomplete
939,1,54,Incomplete
782,2,56,Completed
920,3,91,Completed
435,4,73,Incomplete
501,1,33,Completed
183,2,52,Completed
514,1,83,Completed
408,1,87,Incomplete
512,2,10,Incomplete
446,1,48,Completed
185,4,24,Incomplete
397,4,9,Incomplete
978,4,27,Incomplete
699,1,64,Completed
355,1,88,Completed
823,1,25,Completed
589,4,92,Completed
498,4,59,Completed
311,4,38,Completed
119,4,69,Completed
485,3,73,Completed
115,2,59,Completed
393,1,24,Incomplete
971,3,30,Completed
630,4,60,Incomplete
289,1,20,Completed
472,3,11,Completed
703,3,37,Completed
692,3,8,Completed
184,3,50,Completed
458,3,43,Completed
611,1,50,Completed
545,4,36,Incomplete
548,1,21,Completed
649,4,60,Completed
354,4,93,Completed
941,4,10,Incomplete
382,1,23,Completed
742,1,53,Completed
743,1,48,Completed
768,3,59,Completed
189,3,97,Completed
905,1,60,Completed
813,2,78,Incomplete
311,2,93,Completed
384,4,32,Completed
448,3,100,Completed
191,3,69,Completed
620,4,28,Completed
280,1,57,Incomplete
801,4,89,Incomplete
274,4,81,Completed
651,3,17,Incomplete
19,3,33,Incomplete
295,4,80,Completed
610,3,74,Completed
953,1,48,Completed
355,4,24,Completed
761,4,31,Completed
175,4,37,Completed
677,1,85,Completed
354,1,31,Completed
543,3,43,Incomplete
323,4,91,Completed
160,2,84,Completed
442,4,7,Completed
291,4,35,Completed
551,2,53,Completed
871,1,17,Completed
217,1,78,Incomplete
886,2,99,Completed
564,4,50,Completed
429,3,45,Completed
646,1,90,Completed
984,3,69,Completed
402,2,56,Completed
476,3,62,Incomplete
895,2,56,Incomplete
546,3,64,Completed
700,1,54,Completed
429,4,57,Incomplete
30,2,22,Completed
516,1,81,Completed
419,1,46,Completed
171,4,92,Incomplete
380,1,100,Completed
809,4,75,Completed
198,2,63,Completed
896,2,27,Completed
730,2,46,Incomplete
67,1,31,Completed
471,2,92,Completed
248,2,64,Completed
114,3,25,Incomplete
740,1,5,Completed
699,4,71,Completed
883,4,14,Completed
981,3,96,Completed
733,1,61,Completed
744,1,42,Completed
849,1,51,Completed
950,4,59,Completed
107,2,38,Completed
594,1,97,Incomplete
423,3,23,Completed
815,4,31,Incomplete
338,1,63,Completed
504,2,38,Completed
706,4,47,Completed
717,3,77,Incomplete
37,2,23,Completed
27,2,52,Completed
731,3,44,Completed
163,3,65,Completed
690,3,24,Completed
712,2,23,Completed
880,4,37,Completed
29,2,79,Completed
599,1,38,Completed
521,4,66,Completed
175,3,87,Incomplete
874,3,71,Completed
887,4,87,Incomplete
538,4,27,Completed
389,1,90,Completed
351,2,44,Incomplete
154,3,82,Completed
809,1,88,Incomplete
511,4,77,Completed
929,1,100,Completed
802,2,99,Incomplete
681,1,56,Completed
975,3,69,Incomplete
567,1,12,Completed
536,2,36,Incomplete
758,2,93,Completed
879,2,34,Completed
468,2,10,Completed
273,3,16,Completed
751,1,21,Completed
63,2,34,Incomplete
780,4,64,Incomplete
903,1,45,Completed
75,2,66,Incomplete
86,4,30,Incomplete
604,2,81,Completed
583,1,79,Completed
927,1,97,Completed
797,2,80,Completed
630,4,5,Incomplete
417,3,68,Completed
337,4,70,Incomplete
661,3,38,Completed
255,3,40,Completed
516,3,85,Completed
775,2,67,Incomplete
915,4,68,Incomplete
68,4,91,Completed
948,4,48,Completed
552,2,29,Completed
782,2,32,Completed
313,3,72,Completed
702,3,83,Incomplete
689,2,46,Incomplete
785,4,26,Completed
625,2,46,Completed
486,4,97,Incomplete
956,3,65,Completed
855,3,52,Incomplete
342,3,100,Completed
316,4,77,Completed
428,1,56,Incomplete
419,3,87,Completed
999,4,40,Incomplete
722,2,31,Completed
263,3,52,Incomplete
438,4,46,Completed
757,2,32,Completed
451,3,18,Incomplete
165,3,97,Completed
739,4,10,Completed
400,4,36,Incomplete
622,4,12,Incomplete
655,3,40,Completed
449,3,19,Completed
902,1,46,Completed
751,4,24,Completed
604,3,78,Incomplete
91,4,36,Completed
560,3,76,Completed
299,1,22,Completed
70,3,51,Completed
457,2,28,Completed
234,4,51,Completed
694,3,37,Completed
956,1,22,Incomplete
421,4,55,Completed
818,1,72,Incomplete
525,3,7,Completed
33,3,73,Completed
589,3,86,Incomplete
78,1,76,Completed
545,2,70,Completed
90,4,83,Completed
196,1,92,Completed
284,4,62,Completed
757,2,88,Completed
187,3,63,Completed
710,4,7,Completed
301,1,84,Completed
20,1,33,Completed
155,3,33,Completed
787,3,73,Completed
682,2,78,Completed
915,2,29,Completed
212,3,28,Incomplete
547,1,21,Completed
978,1,46,Completed
951,2,89,Incomplete
311,2,59,Completed
239,2,50,Incomplete
899,4,20,Completed
385,1,61,Completed
875,2,53,Incomplete
450,4,30,Incomplete
390,1,16,Completed
519,1,25,Completed
124,4,99,Completed
768,3,58,Incomplete
93,3,66,Incomplete
115,4,7,Incomplete
823,4,56,Completed
103,3,51,Completed
857,1,60,Completed
668,3,34,Completed
87,4,65,Incomplete
988,3,98,Completed
332,1,23,Completed
182,1,21,Completed
144,4,9,Incomplete
822,2,99,Completed
381,4,25,Completed
179,2,99,Completed
685,2,51,Completed
113,2,8,Completed
314,4,85,Completed
862,3,84,Completed
803,1,47,Incomplete
482,1,99,Completed
936,4,10,Completed
781,2,25,Incomplete
358,2,16,Completed
68,1,65,Completed
426,4,22,Completed
829,1,44,Completed
922,3,21,Completed
553,3,83,Completed
99,4,68,Completed
873,2,21,Incomplete
133,2,33,Completed
762,1,96,Completed
909,1,36,Incomplete
190,3,47,Completed
474,3,21,Completed
384,2,79,Completed
872,1,100,Completed
395,1,30,Completed
15,2,86,Incomplete
814,2,25,Completed
12,4,66,Completed
193,4,62,Completed
465,3,74,Completed
763,3,88,Completed
947,3,48,Completed
191,3,48,Completed
500,4,89,Incomplete
877,3,71,Incomplete
801,3,59,Completed
988,2,17,Incomplete
469,1,20,Completed
303,2,49,Completed
447,1,69,Incomplete
840,2,23,Completed
228,1,30,Completed
363,2,77,Completed
538,1,73,Completed
236,2,52,Incomplete
697,2,86,Completed
634,2,96,Incomplete
965,4,30,Incomplete
983,4,42,Completed
535,4,65,Completed
140,3,5,Incomplete
726,3,31,Completed
628,1,12,Completed
144,2,66,Completed
783,2,55,Completed
662,4,55,Completed
255,3,14,Incomplete
972,3,22,Completed
127,2,31,Completed
689,3,46,Incomplete
121,3,72,Incomplete
644,4,34,Completed
306,1,74,Completed
466,2,14,Completed
773,3,39,Completed
42,4,37,Incomplete
478,4,79,Incomplete
727,4,42,Incomplete
106,1,98,Completed
614,3,35,Completed
681,4,94,Completed
432,1,86,Incomplete
789,3,97,Completed
927,3,86,Completed
430,3,50,Incomplete
104,4,36,Completed
227,4,90,Incomplete
800,4,76,Completed
580,4,82,Completed
948,4,10,Completed
605,1,78,Incomplete
990,2,51,Completed
727,4,55,Completed
41,3,87,Completed
873,4,78,Completed
39,4,85,Completed
443,1,32,Completed
25,3,17,Incomplete
